channel_id,channel_name,icon,banner,subscriptions,videos,views,date_creation,channel_location,extraction_date,silver_play_button,silver_gold_button,diamond_play_button
UCrcBZDofBltcgGxphNia2tw,ProbIems,https://yt3.googleusercontent.com/yV0e4Bz9ikJo3cnfNe7C7r6RovC_ejAnJZe9u84ftPg83lNfMni8BlEowxnygCsKy6zJlKXCSA=s900-c-k-c0x00ffffff-no-rj,"https://yt3.googleusercontent.com/gUfhtrkOuCQRGdSf-_M4izTCJh9UTAhkgOti3NcZi7lwtl3LRRHyQN2gHOXd1bJGdWYQRoKS-Bs=w1060-fcrop64=1,00005a57ffffa5a8-k-c0xffffffff-no-nd-rj",8720000,3477,5219878800,2021-08-30,Brasil,2024-09-02,true,true,false
UCmhx7Q1WRB85e7bF-MHcehA,Ligonz,https://yt3.googleusercontent.com/0hAjo1t328-1iKzISZiVJrvbFW7QTolS_sSGt7QCdMPXrw0i_9_MVzgMTE8E4GEPeAouhuXkC50=s900-c-k-c0x00ffffff-no-rj,"https://yt3.googleusercontent.com/csri9EK16-D5hb40GCk7NkAfC7oryt99xdOWY4yoIcnGMAt8t1VWCAvZyweaa0nta7FxZgKr=w1060-fcrop64=1,00005a57ffffa5a8-k-c0xffffffff-no-nd-rj",2200000,421,175255217,2017-08-10,Brasil,2024-09-02,true,true,false
UCMUcTceXYCuCyGTNMNvc1qQ,A Praça É Nossa,https://yt3.googleusercontent.com/DRwHso3Guzgu1CsxuIhSEGzrlfllLWbhMllduEJJK2vPb_qN7_PhtOsHzjlfuYjuc-z9EZRy6Q=s900-c-k-c0x00ffffff-no-rj,"https://yt3.googleusercontent.com/FVGvCx4kWOKNRRqRBrLIdOsAtlLIp43Eul0b1S2pwk6r9XxJfWdt_Cl-_6DQWE5hOHF3uKA35w=w1060-fcrop64=1,00005a57ffffa5a8-k-c0xffffffff-no-nd-rj",4670000,4134,2695988177,2014-04-8,Brasil,2024-09-02,true,true,false
UC4t2mdI8uAiJDJSRjiWJT1Q,Gabriela Rocha,https://yt3.googleusercontent.com/HO4DK3DMKOSiJCBmKE48TcoMPdxoYFSOf4VsErfo1ap_QDNT2M7IQrDalUXOrrcH4HB-llGnPQ=s900-c-k-c0x00ffffff-no-rj,"https://yt3.googleusercontent.com/_hzOWUaojPwRg5y9GzG63JZfvNJUwMfwhzK8NuvUW0weds-5_lFRcLAc0eAPp14XtmQjmWBuew=w1060-fcrop64=1,00005a57ffffa5a8-k-c0xffffffff-no-nd-rj",9340000,261,3950197588,2011-06-3,Brasil,2024-09-02,true,true,false
UCgCKagVhzGnZcuP9bSMgMCg,ge,https://yt3.googleusercontent.com/XHCE1FH6F1fBdRQjaf4Q08y4_GpdyiLU1vEFG20H2rs4sdRP00O-c6M8EBTJbwn01cHQ1lFR=s900-c-k-c0x00ffffff-no-rj,"https://yt3.googleusercontent.com/cR07eb6krYN_rBvo0bcUIr8QUe4p0OONes4J3W9PPuIeMbSwp9Ltipdmf06IcTInCYl9te1e=w1060-fcrop64=1,00005a57ffffa5a8-k-c0xffffffff-no-nd-rj",5150000,16865,2972856424,2020-08-4,Brasil,2024-09-02,true,true,false
UCw5-xj3AKqEizC7MvHaIPqA,ESPN Brasil,https://yt3.googleusercontent.com/ytc/AIdro_ma030CksbiH0ueLUATKsGGEmZkmIdjFcS_uiI49Mton8Jz=s900-c-k-c0x00ffffff-no-rj,"https://yt3.googleusercontent.com/q0wDoK0X15UGV021fVJI5YCaNVsP0-rn7tNBHIgOv6cgleR2VNlCM3-iUiuV-Ogq2czjBSeNtc4=w1060-fcrop64=1,00005a57ffffa5a8-k-c0xffffffff-no-nd-rj",6340000,37164,4174922187,2012-01-4,Brasil,2024-09-02,true,true,false
UCghoGp6lvf3Lfu9cYdfIqtw,chip,https://yt3.googleusercontent.com/MQHXuZj72K5xKcmlk60PHZmZs74fy9F7vHG-Ta8XAwmJYhUFs6zUSUqO7hMASsgYsu9GphNy-is=s900-c-k-c0x00ffffff-no-rj,"https://yt3.googleusercontent.com/Ihq2ii-vVltceImC2CUD_rsyCgEKSPobAt6MMbkNRc9YsTeL3aMGO8xCpwWqdvo04_-W5GPb=w1060-fcrop64=1,00005a57ffffa5a8-k-c0xffffffff-no-nd-rj",785000,251,57605621,2016-04-21,Brasil,2024-09-02,true,false,false
UCq6FbZEjOg3YDUuHcH6E4uA,Nubia Viana,https://yt3.googleusercontent.com/K7-O-Wnns6BAjKzQsnG-4SGfNxin-4XdysNWzAGAmMZPNdTnDe9aFte3ADYHTOlQ14i1qpvFhA=s900-c-k-c0x00ffffff-no-rj,"https://yt3.googleusercontent.com/rVy7ouZfKaLw-P8jKik7Ojiyefs8zeuiZXPv4LJvbDbx6nqGJ1HEABuHFcUxiMxN-XOAH1x3rA=w1060-fcrop64=1,00005a57ffffa5a8-k-c0xffffffff-no-nd-rj",366000,1224,130072160,2016-11-24,Brasil,2024-09-02,true,false,false
UC9NXpIA01HVRhYgcEbs80Nw,Sony Pictures Brasil,https://yt3.googleusercontent.com/aBHwyunsTiSFMpPYoeIH3zSHntdPx8__EeTKqYy6gEE3fpaMqVszEsDx8FKfAo0EzgTON3ePhhM=s900-c-k-c0x00ffffff-no-rj,"https://yt3.googleusercontent.com/GbTO0YnNw4t2zpC1-8QRLRrELXnpUT4dCtVzRIag1DXeBd0m_43YnRr7VItfGExzInS4Gut4uA=w1060-fcrop64=1,00005a57ffffa5a8-k-c0xffffffff-no-nd-rj",972000,1761,887221646,2006-12-1,Brasil,2024-09-02,true,false,false
UCi0dHgtTQ4CNqq_c-8TEYzQ,Liniker,https://yt3.googleusercontent.com/nv827RzfyuQ-We4A13lO3rH1RN4fN26egvo2QZ4BfWF9RwOEvxLa9bG1L1D9gFfuUWHkFW56fA=s900-c-k-c0x00ffffff-no-rj,"https://yt3.googleusercontent.com/ajG4NqvW4pS6UOdQtvjpfvkBuIHuqRu-ChdKNOX-8BoluNeN-nMezh0Dhh7A9TjDF6r-kVBK=w1060-fcrop64=1,00005a57ffffa5a8-k-c0xffffffff-no-nd-rj",165000,143,42297719,2020-10-5,Brasil,2024-09-02,true,false,false
UCPl_3zCQnCB4Iv79UD_i-5A,BETO GAMER,https://yt3.googleusercontent.com/Qd6oDGpiGxRnziLRtM__0WEuvuVE2RthRAIPAANQg2iJnz-zUd7-glAp0EljvewNlVsgUTmc=s900-c-k-c0x00ffffff-no-rj,"https://yt3.googleusercontent.com/Y_BaHA2NQOtOD7fZmGFScl_skInkdKsywEH7afa7t5ca6dHwFlbQ-6bbMgfBKMkJJOh6BT_r99o=w1060-fcrop64=1,00005a57ffffa5a8-k-c0xffffffff-no-nd-rj",10600000,4133,3876741413,2015-10-30,Brasil,2024-09-02,true,true,true
UC1erzuuEMuxBcKHEBTigaCg,ALLISON ZO DETONA FUNK,https://yt3.googleusercontent.com/ytc/AIdro_lW1929VD8bs1JFyO2_HQa0xikse-AVjeCfJ_e85VHWf3E=s900-c-k-c0x00ffffff-no-rj,"https://yt3.googleusercontent.com/e3OIEgpvedHjXls4er772LEG6cRMHRvQr7VlKFtfgTiUuVWW8tWdIoZ0VWEtODzvxNKUc5iPoRE=w1060-fcrop64=1,00005a57ffffa5a8-k-c0xffffffff-no-nd-rj",3190000,3079,1064330443,2013-05-3,Brasil,2024-09-02,true,true,false
UCBrMq7wkdPWb3PxR-GUR61A,Hay Day,https://yt3.googleusercontent.com/3uuvLxttvZAZ7qZSWSa8jKQB1HZa7MKZnHgQTLAtvatZfAw_jKoWs52Uwi684l26qOEldDEE=s900-c-k-c0x00ffffff-no-rj,"https://yt3.googleusercontent.com/8hhWp5mVupLWchY_rw4rKWi1IaAplEWOnds0yM8kF-DxC7saSG2Ww6OKpYHNdTWBWpZpqnXBSQ=w1060-fcrop64=1,00005a57ffffa5a8-k-c0xffffffff-no-nd-rj",2140000,188,310186343,2013-01-31,Finlândia,2024-09-02,true,true,false
UCJIl6Ahgkfwg1DRYcg-kY3g,Mendrake,https://yt3.googleusercontent.com/z4bbeeE2xi_tZzOIRjWPzVQsP4VGGy6DUYhPidz9SJBqa1dViGW9Z_xInr2IPY5kMFP5alH3jw=s900-c-k-c0x00ffffff-no-rj,"https://yt3.googleusercontent.com/J2nrq0Uw5m2NpwP4JThP0qIMEH9u7delgNbw5DE3misiDJB0ySstW79O_fKIp86gnFQmPSa_Yg=w1060-fcrop64=1,00005a57ffffa5a8-k-c0xffffffff-no-nd-rj",1740000,278,252042685,2021-07-30,Brasil,2024-09-02,true,true,false
UCYLWk7x2Jg9CRD71MnPRTOg,MC IG,https://yt3.googleusercontent.com/fmsq8WdQO6Czql-YoHAhsvSuySu809XtW3wlZT3S__Tj0G09SwQD1Oj8fEXGY7ReXFSLVZuT1w=s900-c-k-c0x00ffffff-no-rj,"https://yt3.googleusercontent.com/Mk1-8J_EDTYzSYNeHAZ6NdGsA2EFAZ7cSOx_avpxgfLciit6PqJ2aodVhSttp5s2OhRezyMj=w1060-fcrop64=1,00005a57ffffa5a8-k-c0xffffffff-no-nd-rj",1010000,114,879599208,2019-05-7,Brasil,2024-09-02,true,true,false
UCo-SyplR7M1ZC1w0YhwMa8w,Goularte,https://yt3.googleusercontent.com/aaakNQLtIdGm1s3Ll34_rmf2l3kez208ITn0x4ZJQtKmoE_idiL1NjH6QfcMoV1AVwYE4IdrZek=s900-c-k-c0x00ffffff-no-rj,"https://yt3.googleusercontent.com/gXgZ-h02Nwk0_M4QplrxxHzEzmGXw3VRWLV7KWhAdJr_8z-eZ0Ov3w-shPhTe65mld1zZnly=w1060-fcrop64=1,00005a57ffffa5a8-k-c0xffffffff-no-nd-rj",5430000,1054,980911772,2012-08-24,Brasil,2024-09-02,true,true,false
UCtMW9MSme3cw-kqhKenF13A,Virlance,https://yt3.googleusercontent.com/beAp7COHd6OAIUh4exIlEiWDnhYA4rfqirgrOdCnFPNpySLUIGt4rY0sIA4XwP5JRkAxvsibnw=s900-c-k-c0x00ffffff-no-rj,"https://yt3.googleusercontent.com/JMznXDNY9Ca6YKsoH8CjwSYzLuCJBx-kTZ0JJbOfpGnOV63XagXx-2KaMMYqtMWL6B0-W4VVGsI=w1060-fcrop64=1,00005a57ffffa5a8-k-c0xffffffff-no-nd-rj",2610000,220,551055967,2014-11-16,Dinamarca,2024-09-02,true,true,false
UCop6604O_QwmEum6e0Riz2w,Futcrunch,https://yt3.googleusercontent.com/4hwCDB8aFrdglQ1FVZjo60K_0k9d-Y-vGACTf1K9d54ttJVoBm-I3czdeJF3VbTyCyB2S9UXEQ=s900-c-k-c0x00ffffff-no-rj,"https://yt3.googleusercontent.com/mBIkukIrYh7he-SmRsf4KYwC6TSBa-iTlCsFD-3jXL-sbPQXScOXzmyaMm8k5Njmcib9dO4QqQw=w1060-fcrop64=1,00005a57ffffa5a8-k-c0xffffffff-no-nd-rj",4930000,714,1883468988,2018-12-28,Reino Unido,2024-09-02,true,true,false
UC_XGgRFoktKUXZVD1_tp7EA,Gui Nobre,https://yt3.googleusercontent.com/DmHBDIHEuqeae4a817Pc-0wUUYe_OA1tljlwiM0EuzyE6jQe89xbe-fZ4pw5TJOM_LNLscRCRg=s900-c-k-c0x00ffffff-no-rj,"https://yt3.googleusercontent.com/Lq0nsHK5SMVhh8FZQiUrBE3RGPyDb1Far5h35jb-bAxXhItnq3evJQbN5PQfAmrOw8wDQefPnw=w1060-fcrop64=1,00005a57ffffa5a8-k-c0xffffffff-no-nd-rj",5220000,2535,1122274982,2016-02-13,Brasil,2024-09-02,true,true,false
UCD9cMUkHNW380sh3_YedolA,MuuhPro,https://yt3.googleusercontent.com/sVk8sroxNhqRz1mHp-T5x77fF8hmP1tFsUc6RpAXnLDYCt9G_F1j7d9b8RRxghcJToJqaE-y=s900-c-k-c0x00ffffff-no-rj,"https://yt3.googleusercontent.com/Ij40pwxrsAgME9_VQQRDtS79i5Cc4ookGJDv_cLsXkqpjxdZ6EH8YKOaJRlX27Q7tIH1IAR2lw=w1060-fcrop64=1,00005a57ffffa5a8-k-c0xffffffff-no-nd-rj",4090000,2729,924975840,2012-01-4,Brasil,2024-09-02,true,true,false
UCmkSzYG4ykYKFE4Ow0030zw,Grupo Menos é Mais,https://yt3.googleusercontent.com/vFwXUWke2bZgLR8t0U9fvmedo6sCIVWUmFJTnQzsJS2mSw-nW1_33OyG4egnOIih4fLpmpxN=s900-c-k-c0x00ffffff-no-rj,"https://yt3.googleusercontent.com/sXsRK0OgotiB_tYkKhH18INrzhJH6TWAJ27nTDAYVsrDaqznimck9VDaTDkTRfh2DQv5qdAbag=w1060-fcrop64=1,00005a57ffffa5a8-k-c0xffffffff-no-nd-rj",4220000,419,2816032399,2018-11-6,Brasil,2024-09-02,true,true,false
UCWwE79E_-in6WnX9qm2oFcw,Paulo Vita Show,https://yt3.googleusercontent.com/s-5a2vilmEbaKyEDPD1KhxxTkzyEBaVhslMXcqJJVXpt8lXHW7zuTgLC5e6uE2dkpoHH3ore6Cw=s900-c-k-c0x00ffffff-no-rj,"https://yt3.googleusercontent.com/ulkz4XLxOw3Ddiz2pJmgdXztX9QePEZDgbcUqwaKqMvXPvxGMYlo3Cmi6nTReaGhB_G-7Qy2=w1060-fcrop64=1,00005a57ffffa5a8-k-c0xffffffff-no-nd-rj",421000,104,32327378,2024-04-16,Brasil,2024-09-02,true,false,false
UCG90vRbG7aMXu0nD0DQ2wFA,MC Luuky,https://yt3.googleusercontent.com/OshRY-a1ZfwYmbhBZTD5xhOrkkqqrD4a-DJa6Gatwu9vOYBeRugYsLubV8bSN4SCLhqJb5Oe=s900-c-k-c0x00ffffff-no-rj,"https://yt3.googleusercontent.com/F2EmccdlAoT6bArwDxUSe1gEOE7fEPMKM97qY12Wg589iBXe_hZT3rCMRtG5650iwFnEPgB2CQ=w1060-fcrop64=1,00005a57ffffa5a8-k-c0xffffffff-no-nd-rj",56800,5,38204522,2016-05-26,Brasil,2024-09-02,false,false,false
UC6rwiIxv0w2fbmmr66wl1rA,Luan Santana,https://yt3.googleusercontent.com/h4TX_7nXoRVOkrjsLwFLzYBMPbEk5HcO4-IqPYUjx80sTXkuUBziiPx1bdtE_tl1TqUwtza7ObY=s900-c-k-c0x00ffffff-no-rj,"https://yt3.googleusercontent.com/mq5azdBgS3zUdGkaGy25Oa2eC_aG3ZpGQnfxKUKeAz0hOtDWjOX5RHZEuqOGg_ItrkxH5UPjpw=w1060-fcrop64=1,00005a57ffffa5a8-k-c0xffffffff-no-nd-rj",12700000,509,6856247190,2009-03-10,Estados Unidos,2024-09-02,true,true,true
UCwnSOhrpJLe-bwARGDMQEVA,Lyons Produções,https://yt3.googleusercontent.com/ytc/AIdro_l9y3GG7KrNVHJ0UoJFRhC6ucvZx531Qg8_CsxnSC8DPw=s900-c-k-c0x00ffffff-no-rj,"https://yt3.googleusercontent.com/Q4kykIA068-f5p00gh_nXMjLZB-N9esO4d0LjI4_jcKXivv1cw9bPV0KfNPyyTaZHTEqnq6k=w1060-fcrop64=1,00005a57ffffa5a8-k-c0xffffffff-no-nd-rj",470000,122,262095254,2019-09-4,Brasil,2024-09-02,true,false,false
UCooVYzDxdwTtGYAkcPmOgOw,Brawl Stars,https://yt3.googleusercontent.com/Gtbz6C-MEA3cDKEotcjBdOwwmobQz4fEgM_gTx_w_nDU7ddj5mu3nkEDxWy0aVavkm2kIPWQog=s900-c-k-c0x00ffffff-no-rj,"https://yt3.googleusercontent.com/9VJ3Qhq9X4Smll6rj2NiUKI24RYKEM7yR-dvReTshbFKu7XMU8qHClCf16FD6vh99egQFW5vvg=w1060-fcrop64=1,00005a57ffffa5a8-k-c0xffffffff-no-nd-rj",19600000,233,2742021301,2017-04-28,Finlândia,2024-09-02,true,true,true
UCpf5YXmzGHC4m5uLCdlrrfA,Todah Music,https://yt3.googleusercontent.com/YlCLznOKBSj-syiThuNZbrGlTWlkt83VCpxi2k0lIznl5HFpPc4ZOJdhX0StKw6AO9HFvoRM=s900-c-k-c0x00ffffff-no-rj,"https://yt3.googleusercontent.com/UlP6z1WyFfpMCJh8LEEqihGiQThLRfvvlikSxpTcWEhbMTQFuZNJOmUnZoCX_ArS6uiYj_Tc2w=w1060-fcrop64=1,00005a57ffffa5a8-k-c0xffffffff-no-nd-rj",6560000,943,4004835484,2014-07-30,Brasil,2024-09-02,true,true,false
UCgrFZP2B8H6pWgPL1bAqkiQ,Fixz,https://yt3.googleusercontent.com/BbucNXiZIaw9vzDUc-4SccegP_3ztBy51CCD-VvDozFx6zQqYWKYPyJADzfGX60vRrjloFFPYA=s900-c-k-c0x00ffffff-no-rj,"https://yt3.googleusercontent.com/V5_WZPUFnDuPjr455mqfXAtkcunsRf6pJolQH7WFokSc7vBpL8YE0uwLn3ckY0n11nw5bLYUcds=w1060-fcrop64=1,00005a57ffffa5a8-k-c0xffffffff-no-nd-rj",1210000,321,168677628,2016-03-13,Brasil,2024-09-02,true,true,false
UCukwGwBD-pAbGzoJo6ZXPtQ,Tonigon,https://yt3.googleusercontent.com/sExY7MWl0wQGH55-PAFWlAgplTf0ra013CN1fpf8yKE2ToSo1G1QhfFFDVYC61bSGA3ggvAzaA=s900-c-k-c0x00ffffff-no-rj,"https://yt3.googleusercontent.com/RZsbvvgaLEpA8I2fI77zSfDkbYm5TCNiR7xDtPwiNPvbafUh2e28-qRP9BL7k3WueE56kDB6zg=w1060-fcrop64=1,00005a57ffffa5a8-k-c0xffffffff-no-nd-rj",3440000,428,687611642,2017-04-29,Brasil,2024-09-02,true,true,false
UCXbboag48Qlr78zzz6SkzkQ,US Open Tennis Championships,https://yt3.googleusercontent.com/G6y6Uwh7ES_Hcy6QVszC_m8AAJGOa4inVPR8sg8F3tzd32tPBFGk3K-cX4695UQK1DGbkd5bhCI=s900-c-k-c0x00ffffff-no-rj,"https://yt3.googleusercontent.com/kH10OqaiGSXRrpiFFP0wTybT48-qfvfFwASznj0MOByLswZN4p9OOjjV5lhztR0ABgZEeRvPzQ=w1060-fcrop64=1,00005a57ffffa5a8-k-c0xffffffff-no-nd-rj",1360000,8608,1768376337,2006-07-2,Estados Unidos,2024-09-02,true,true,false
UClHJ7hWP-oGSOlZyeuqyBww,Lances Futebol,https://yt3.googleusercontent.com/kw7uBA2mnhav5ohaqzvOYjJtno_G0NKrue50Htqo_KYmR104vJ5p6BPQSaFJMWrCuIkwaIlGGQ=s900-c-k-c0x00ffffff-no-rj,"https://yt3.googleusercontent.com/lM8W5lBgi1G3Vqh5inqJ5qq0l-Az2WuqVxKy7MIMnS8W-j2PVpcaSXmCROhnJ67D-VTRCe5H=w1060-fcrop64=1,00005a57ffffa5a8-k-c0xffffffff-no-nd-rj",45300,279,10986154,2021-11-11,Brasil,2024-09-02,false,false,false
UCEpCeCLUp6Oy75p7WixzjcA,Mc Cebezinho,https://yt3.googleusercontent.com/A1t18iX5dk0Oz2KYA4hyb5ZzQec8zgbV84UkmXp4z2gAYoM_pYTAazUAIXkMtvgxRDXa-fxr=s900-c-k-c0x00ffffff-no-rj,"https://yt3.googleusercontent.com/qAfnznIQgAQunX-7JqPXSmB5uflAh8oRFT6sRf1zuKM8Jgfcesi0xpjSL3lGVlIEvFyjODnbpvU=w1060-fcrop64=1,00005a57ffffa5a8-k-c0xffffffff-no-nd-rj",170000,31,92777866,2015-01-8,Brasil,2024-09-02,true,false,false
UC371icpvZj2oQaocL0i9L-g,DUDU e CAROL,https://yt3.googleusercontent.com/J0LugXeHigVBnfRcqKQa39cox1FMUkMnMUh0w86DcZwGhFqRVeNkhOcSbiiA_QT5RuhMGC6d4w=s900-c-k-c0x00ffffff-no-rj,"https://yt3.googleusercontent.com/7P3-dIU2-58DFVi2wk--05KrWMfPBBdDoHih5PUwMwu6a5qZX5XQm0E7UyRgKgfnFzal_7yhqg=w1060-fcrop64=1,00005a57ffffa5a8-k-c0xffffffff-no-nd-rj",25300000,3073,13009526016,2013-03-2,Brasil,2024-09-02,true,true,true
UCRRu9OXVYd5clj2Bs29gUVQ,Zé Neto e Cristiano,https://yt3.googleusercontent.com/8B0vLJ3m4EjDNlyIHyYnzjG-WIwXzfybK8LBGCGhEtCjfQQRF1Xu6nJYnXd46sEDNaHaW-gFR4g=s900-c-k-c0x00ffffff-no-rj,"https://yt3.googleusercontent.com/Okr9rW7ilnk7IITeyQcmcwKUJvNh41Dq-FxCK3UGgiDzzivPI-IhrbLXSw5qsoijBU4bOD2a=w1060-fcrop64=1,00005a57ffffa5a8-k-c0xffffffff-no-nd-rj",15600000,489,13603697852,2012-04-2,Brasil,2024-09-02,true,true,true
UC896QaWKoSGdZTmy9rHyU_g,Esporte na Band,https://yt3.googleusercontent.com/izG4Fp23xVwBDAKKgfKUW13csHcqtwq048eN8fR52teg0iKNsofPv7x9paFTcgsjH09d99eSzqc=s900-c-k-c0x00ffffff-no-rj,"https://yt3.googleusercontent.com/D1pQ9hZ1M0Ve8wQUBcEjgmheD_0STmM-I_QVTvb7GAN_Np4GV2NtT8Hk7nyHnjQVKF6iTxRLRw=w1060-fcrop64=1,00005a57ffffa5a8-k-c0xffffffff-no-nd-rj",776000,2859,97984218,2018-04-18,Brasil,2024-09-02,true,false,false
UCSRhHqL5nIlhyt1-LIzsXJA,Mundo Torajo Jovem,https://yt3.googleusercontent.com/Wk0Jw2GJNsuAxanG_uTZLfORldSmI23oI0ppFnoHDAWm2oO6sa8d1wRj-Macml7I91l5UmrVfA=s900-c-k-c0x00ffffff-no-rj,"https://yt3.googleusercontent.com/vqJYnPy17kmWzhbJ5kkhKCLuzLy_BMe-pdHO5NUVqwtajYARhlRsz-6fkXbO3WfKFugqyvAm=w1060-fcrop64=1,00005a57ffffa5a8-k-c0xffffffff-no-nd-rj",628000,121,40883012,2023-08-16,Brasil,2024-09-02,true,false,false
UCJO_H1wW8zWTA1yHVy2s-Fw,Kleberiano,https://yt3.googleusercontent.com/cIZXDBv5kq2O5Miu-wpk0CeuJX1mXKvj5pjo2F1SMKVtbiD9C6w5JiOU8-yyphKKEDcSRdsCxg=s900-c-k-c0x00ffffff-no-rj,"https://yt3.googleusercontent.com/ejW4VhcRwwhBKfU6uB1V4E8d0jMH0V0SWqDiFtyCAjfUpo5FMs_J8Ft-Tn19urqQw7PNbu7Hcw=w1060-fcrop64=1,00005a57ffffa5a8-k-c0xffffffff-no-nd-rj",2230000,502,416825287,2013-11-10,Brasil,2024-09-02,true,true,false
UCGR6txIsYGGngIqjIzXt93Q,Apuh 2,https://yt3.googleusercontent.com/9se87LKQGqpAHpjZ-ZrVRkd8jszScCDllsDTfZHcjg80crPGj2K4TqXV7nCwLA-4UaXXWZjp=s900-c-k-c0x00ffffff-no-rj,"https://yt3.googleusercontent.com/gDY6cKlWJF375iKIhRiTpj36QkJNVNigMrvf_cqzxnFy9_pVK_9b8YkhJUFrIEnc2Tg0vJ3x=w1060-fcrop64=1,00005a57ffffa5a8-k-c0xffffffff-no-nd-rj",166000,24,7354307,2022-10-26,Brasil,2024-09-02,true,false,false
UC3IZKseVpdzPSBaWxBxundA,HYBE LABELS,https://yt3.googleusercontent.com/ytc/AIdro_ldT8kWzx6T1Q7LQL4ENvkeCGjFP6hUzWgHSVtjddJ5Ib0=s900-c-k-c0x00ffffff-no-rj,"https://yt3.googleusercontent.com/AgaAy56OcOTNWBBIVO_ZrOJO-mm0ZuUEllsKiQ_Yt3XNQZAlCXkQ0ZXuD08ta-v96pVGmpV_=w1060-fcrop64=1,00005a57ffffa5a8-k-c0xffffffff-no-nd-rj",75600000,2014,35632195780,2008-06-4,Coreia do Sul,2024-09-02,true,true,true
UCEOGSdXwcXcNfcuDGbjmgOw,Julia MineGirl,https://yt3.googleusercontent.com/ytc/AIdro_nOrXpOqUTmS6jBDdMDmlEsflVdz2q-2hjmrslwODhvWoE=s900-c-k-c0x00ffffff-no-rj,"https://yt3.googleusercontent.com/J_UujcHWjSwdOJZebVbJm8nDVJFOboddx9cBTq551Sz1rAHyFNAPO7RgWdBQkHYpH5lidkogug=w1060-fcrop64=1,00005a57ffffa5a8-k-c0xffffffff-no-nd-rj",11100000,2564,8466800866,2015-09-21,Brasil,2024-09-02,true,true,true
UClQ3NafOy_42dJ0toK3QUKw,Stay Wild,https://yt3.googleusercontent.com/8Yat-ht6uSglpKe5BonuiW3ZeaoU89MP0652EWzITq0lMWYD99Ak1pZXdZlqrSjUVm5WRjErnA=s900-c-k-c0x00ffffff-no-rj,"https://yt3.googleusercontent.com/QBEDMR1LysX-uQNSzMwotNq0YBEwY45sHYNsapAgc7eiq_IGBhR73_ELfBISZb98NTcebxHQbA=w1060-fcrop64=1,00005a57ffffa5a8-k-c0xffffffff-no-nd-rj",5790000,178,1559845014,2020-10-6,Estados Unidos,2024-09-02,true,true,false
UCNUQK9mQoqi4yNXw2_Rj6SA,GR6 EXPLODE,https://yt3.googleusercontent.com/SahCIj4fyMUcrq0JGidN_XhfX93kGrwsLecVJ0drg5ycQVWKT9TTVPL6TYe0jzMm9GoX3iFtkQ=s900-c-k-c0x00ffffff-no-rj,"https://yt3.googleusercontent.com/wvwgL8E94yBIPPaJIcXn3QrBaO5VGqfepFhb45KujyKeXMmHOy06_BwNO9W3d7PEMVOFPjBNCw=w1060-fcrop64=1,00005a57ffffa5a8-k-c0xffffffff-no-nd-rj",41200000,3235,28147768805,2014-08-4,Brasil,2024-09-02,true,true,true
UC63iwP6BtIjxB6xn1GKR6Lw,Emilly Vick,https://yt3.googleusercontent.com/-j8MrNAuS0IHQpJGoWRnX0HMCzT6e213cd_Qcpl-Lrg41K0C3smPB3QrLxCf3dGGjdK_T8xTpu8=s900-c-k-c0x00ffffff-no-rj,"https://yt3.googleusercontent.com/WFrNiJDf5eVDFJw2dGbhqbYeWA4oR4whjOzj00N3EalFR3Hewq0BHWzPWh5hIdrcFEoRmiN5HQ=w1060-fcrop64=1,00005a57ffffa5a8-k-c0xffffffff-no-nd-rj",18900000,715,7997434365,2015-01-29,Brasil,2024-09-02,true,true,true
UCgqD3GdUEfupsdY1kmFLIrw,Paramount Brasil,https://yt3.googleusercontent.com/BI5B5SY-S_TxK9Abta4dbcid4m6mbAbEJtWLEOJfNugA0eAoSvqk-hPZxxSDS-TPoBCl5_XaiWM=s900-c-k-c0x00ffffff-no-rj,"https://yt3.googleusercontent.com/k5jGuIVT33YZReAPm0a2TDYV0aqNjpVol9NpXX0tl6r96mPhobwYnFYbIRZHKi_-YL3CcdFf2DE=w1060-fcrop64=1,00005a57ffffa5a8-k-c0xffffffff-no-nd-rj",407000,1444,604350392,2011-09-20,Brasil,2024-09-02,true,false,false
UCOa-WaNwQaoyFHLCDk7qKIw,FLA TV,https://yt3.googleusercontent.com/e9noVb2cGJayGLqn9mNVaNiciWF4LciE2NB84klw6zme0bKyK5CPwqybg5nVhxz6OTNc3OC07w=s900-c-k-c0x00ffffff-no-rj,"https://yt3.googleusercontent.com/_s-myZs-SDk2ZPNOBr9JA_sr7IXkUoeP081UkXjWAZoEOa2SX3ABbboolqnWrVeTk9eGRTzU=w1060-fcrop64=1,00005a57ffffa5a8-k-c0xffffffff-no-nd-rj",7040000,10823,870827940,2006-02-26,Brasil,2024-09-02,true,true,false
UCtxD0x6AuNNqdXO9Wp5GHew,UR · Cristiano,https://yt3.googleusercontent.com/yKfa-GV-v_O-6jZKHwBuc2FX0Q5ths8OqYTOAmOwzVY0q3miZT0L-rUzve-M2QBdONcTYaEO_JI=s900-c-k-c0x00ffffff-no-rj,"https://yt3.googleusercontent.com/nVcFLog8OaXYCQWdcr6RY-VzdJ6IKgdqKwcG4LcpB9OISMn187VsGuWfcw8UUZw6D1sajVRCbw=w1060-fcrop64=1,00005a57ffffa5a8-k-c0xffffffff-no-nd-rj",55700000,27,375381034,2024-07-8,Portugal,2024-09-02,true,true,true
UCSKtuoTEJ-1WS-ZUzfx_SIw,MonsterUP,https://yt3.googleusercontent.com/tDm9wDp2iz-gnoy7R8g8ylfmFyPmDxbmrFDOYgkosjX9QIi_rePWhQef05KV6L9Zr3xI94qx=s900-c-k-c0x00ffffff-no-rj,"https://yt3.googleusercontent.com/In12ZkqMP5LbK883Lo-wMwV9wkD-xv_mjI_Et-PC9ZVwDaHC17uV4AaTlk6hhiudkQXX-hEw4hM=w1060-fcrop64=1,00005a57ffffa5a8-k-c0xffffffff-no-nd-rj",1650000,60,241840888,2013-01-4,Áustria,2024-09-02,true,true,false
UCsSsgPaZ2GSmO6il8Cb5iGA,DaFuq!?Boom!,https://yt3.googleusercontent.com/P2dEEGGTZdLx7313inVbiONF5Kz-Pqik9o6s255XtMWMoxikwsswwvf57o3xBq7NSGsXK9lDNQ=s900-c-k-c0x00ffffff-no-rj,"https://yt3.googleusercontent.com/0ievIOy4OdQXfLXx5AJyDIjdwz7kWaBWjJ7gY0pkqnfayWMm0IeHHXSEuDkZVNaW88CrwY07tec=w1060-fcrop64=1,00005a57ffffa5a8-k-c0xffffffff-no-nd-rj",43600000,298,17469872357,2016-06-6,Estados Unidos,2024-09-02,true,true,true
UCj0rz9HZ7N_a49mLaJGHP6A,Supernova Ent.,https://yt3.googleusercontent.com/fnjPwp7jENTlEXbJH4j-Arepp-MeNDcCkVRotGxTNRMSeMjHd57ORh8GPVuzn4rDCMR5XKXo1Og=s900-c-k-c0x00ffffff-no-rj,"https://yt3.googleusercontent.com/aUYUPzv6oUpjCIl6zJLrWAx80gEAESN9OBujHxWKLyQgjaNk3n451zhsbZpeNj2_OLmjM6BgNlQ=w1060-fcrop64=1,00005a57ffffa5a8-k-c0xffffffff-no-nd-rj",47200,12,8834522,2021-09-20,Brasil,2024-09-02,false,false,false
UC_oToDrJ6uca7d1dFVBmLtg,Canal GOAT,https://yt3.googleusercontent.com/lQbsmXG4-b751D81rRQ2DSmXVsu7WRPelClSw4Oc3jkJ6dxzgUne8AyZL4A6v5uH74x659wnvA=s900-c-k-c0x00ffffff-no-rj,"https://yt3.googleusercontent.com/K3NV8lAIUChvqZX4ngs5oFkYy9NAYyWsJf-sBNVLMolYwu_d9oufONjN6_UxjJwrC2qPI2o1BA=w1060-fcrop64=1,00005a57ffffa5a8-k-c0xffffffff-no-nd-rj",3620000,2139,341030682,2019-02-27,Brasil,2024-09-02,true,true,false
UCsMDJc3aq2qxh0bu53gToFQ,Daiane Pimenta,https://yt3.googleusercontent.com/_kzDmXI5MKBao-sVRrOgD2SAnqjw92VeS8kviZcJF7Rwbmsk5GmeyCXnYI_hH5uaVvNrQ5o_=s900-c-k-c0x00ffffff-no-rj,"https://yt3.googleusercontent.com/jcT9kjJi5T-eF33rtTerb4o4RRQf8GxbjFmLD9eO1vpMaros5cJaq5VduaeSq2xQLbQnCDO0uA=w1060-fcrop64=1,00005a57ffffa5a8-k-c0xffffffff-no-nd-rj",597000,173,102262689,2016-04-13,Brasil,2024-09-02,true,false,false
UCU06XOgERkQV7xCsrNLTf4Q,MC Hariel,https://yt3.googleusercontent.com/AM2m13BstcZT0o-UNOnVsd1AtKbSs2qChvCDuNV0XYgIn0xqedjb2A0tUpPOJ1BBkbvCYICjWg=s900-c-k-c0x00ffffff-no-rj,"https://yt3.googleusercontent.com/Pp5KGp5PiYmR21OFGLGGDZcMTxrvowQ_hSRfXb1elyqPGGJfN6r4ss5tnMiM91AoP0w7tLYgDQ=w1060-fcrop64=1,00005a57ffffa5a8-k-c0xffffffff-no-nd-rj",1980000,251,881310164,2019-05-13,Estados Unidos,2024-09-02,true,true,false
UCxXe1Bjpw5Y00YzqZc6CGRw,Caio Araujo,https://yt3.googleusercontent.com/ytc/AIdro_lKpDMwAwQ5Y69t1HBQn8sIytzhcnQOx2cYM0nzhX_JwKw=s900-c-k-c0x00ffffff-no-rj,"https://yt3.googleusercontent.com/NlOkkbI2rUw8II39nhi8HKdBf3rB1QOQrzV_I7tYs9Y87gFDYN6876ZrWCRWcStBusq0Wh1k=w1060-fcrop64=1,00005a57ffffa5a8-k-c0xffffffff-no-nd-rj",1890000,534,187799749,2017-11-6,Brasil,2024-09-02,true,true,false
UCNl_i-ggJbZNyOLlhE7yyhw,Jornal da Gazeta,https://yt3.googleusercontent.com/ytc/AIdro_lgrZefqWi4riMBcUtTwLWKABRdJJ3jrlLbU5nhSoyjr9M=s900-c-k-c0x00ffffff-no-rj,"https://yt3.googleusercontent.com/a0dTT6UUIIXSPpu3AoGqG3t7Icgcg6JGE7rpyWzXr_3ANeRooV2HGy4ygi9pYu86EmjUaeg8WA=w1060-fcrop64=1,00005a57ffffa5a8-k-c0xffffffff-no-nd-rj",968000,46232,279610301,2007-01-4,Brasil,2024-09-02,true,false,false
UCL64gn1KZ1C-u87BGQv3b6w,Jorge &amp; Mateus Oficial,https://yt3.googleusercontent.com/RhoxNU2GcW0Zvw4kZnD9xRTjmoJFcBDvd46RwHGM-5clT_CLkUbp6OS1awXKcZoZuPy7Q7E6ZBI=s900-c-k-c0x00ffffff-no-rj,"https://yt3.googleusercontent.com/E5uSJ7qylAlDNM0jvlGV7RFQL6Ex8vlvC_2upXIc6h28pCzv-LUUwLvSzWk1rBT-q6Z1nRdASQ=w1060-fcrop64=1,00005a57ffffa5a8-k-c0xffffffff-no-nd-rj",15100000,354,10296710285,2008-07-29,Brasil,2024-09-02,true,true,true
UC3EPFEI1TdOtPdDPS1nRt2w,Nattan,https://yt3.googleusercontent.com/jNNrrYSxzdlg9Ptot8f2kZEGz7dGxos2pkT1uplaMzca8942VNqpxDF3XgNJtzXX-RHpaZtiTw=s900-c-k-c0x00ffffff-no-rj,"https://yt3.googleusercontent.com/t-WjlPo8ClpsV1y-Bh27Dl4F7y0fRb6eKu82kQ9Rj8D18k4B5QISVHyuZibMVR3ZQALgy1VC=w1060-fcrop64=1,00005a57ffffa5a8-k-c0xffffffff-no-nd-rj",2110000,337,1688010153,2019-02-15,Brasil,2024-09-02,true,true,false
UC_oToDrJ6uca7d1dFVBmLtg,Canal GOAT,https://yt3.googleusercontent.com/lQbsmXG4-b751D81rRQ2DSmXVsu7WRPelClSw4Oc3jkJ6dxzgUne8AyZL4A6v5uH74x659wnvA=s900-c-k-c0x00ffffff-no-rj,"https://yt3.googleusercontent.com/K3NV8lAIUChvqZX4ngs5oFkYy9NAYyWsJf-sBNVLMolYwu_d9oufONjN6_UxjJwrC2qPI2o1BA=w1060-fcrop64=1,00005a57ffffa5a8-k-c0xffffffff-no-nd-rj",3620000,2147,342411053,2019-02-27,Brasil,2024-09-04,true,true,false
UC1Uc7VKcHGDSMxNnztQlHSA,Henrique Carvalho,https://yt3.googleusercontent.com/HZfXyfZpa_Otc_gVa225b46H5CXRVifPxitGolXuetzeAz9-cbm5ikXvtvFd2QcISA3bMJwokQ=s900-c-k-c0x00ffffff-no-rj,"https://yt3.googleusercontent.com/qqQezCM9UYH7rOwd2KVn850EUVE1Ov3UQASD3Bo67ePh_dCDzinSfFJhn7Tsn6RZR-v_3G0gFRU=w1060-fcrop64=1,00005a57ffffa5a8-k-c0xffffffff-no-nd-rj",607000,327,83302929,2013-03-26,Brasil,2024-09-04,true,false,false
UC4t2mdI8uAiJDJSRjiWJT1Q,Gabriela Rocha,https://yt3.googleusercontent.com/HO4DK3DMKOSiJCBmKE48TcoMPdxoYFSOf4VsErfo1ap_QDNT2M7IQrDalUXOrrcH4HB-llGnPQ=s900-c-k-c0x00ffffff-no-rj,"https://yt3.googleusercontent.com/_hzOWUaojPwRg5y9GzG63JZfvNJUwMfwhzK8NuvUW0weds-5_lFRcLAc0eAPp14XtmQjmWBuew=w1060-fcrop64=1,00005a57ffffa5a8-k-c0xffffffff-no-nd-rj",9340000,262,3950197588,2011-06-3,Brasil,2024-09-04,true,true,false
UCJIl6Ahgkfwg1DRYcg-kY3g,Mendrake,https://yt3.googleusercontent.com/z4bbeeE2xi_tZzOIRjWPzVQsP4VGGy6DUYhPidz9SJBqa1dViGW9Z_xInr2IPY5kMFP5alH3jw=s900-c-k-c0x00ffffff-no-rj,"https://yt3.googleusercontent.com/J2nrq0Uw5m2NpwP4JThP0qIMEH9u7delgNbw5DE3misiDJB0ySstW79O_fKIp86gnFQmPSa_Yg=w1060-fcrop64=1,00005a57ffffa5a8-k-c0xffffffff-no-nd-rj",1740000,278,253186827,2021-07-30,Brasil,2024-09-04,true,true,false
UC896QaWKoSGdZTmy9rHyU_g,Esporte na Band,https://yt3.googleusercontent.com/izG4Fp23xVwBDAKKgfKUW13csHcqtwq048eN8fR52teg0iKNsofPv7x9paFTcgsjH09d99eSzqc=s900-c-k-c0x00ffffff-no-rj,"https://yt3.googleusercontent.com/D1pQ9hZ1M0Ve8wQUBcEjgmheD_0STmM-I_QVTvb7GAN_Np4GV2NtT8Hk7nyHnjQVKF6iTxRLRw=w1060-fcrop64=1,00005a57ffffa5a8-k-c0xffffffff-no-nd-rj",776000,2632,99132816,2018-04-18,Brasil,2024-09-04,true,false,false
UCNVsZnDXOM4PodYIEgM2e4w,Roda Viva,https://yt3.googleusercontent.com/ytc/AIdro_kfyLAWctOIzjZr-kolr68qWcxh95K-Lpo0r0FsDOkRI3c=s900-c-k-c0x00ffffff-no-rj,"https://yt3.googleusercontent.com/itdpinC8cb4xdNkzry0UnQFbgM1SyshPxrGGpA4YkZnW6jXyjSATIBBOKyOCRUYEUr5YEeHH=w1060-fcrop64=1,00005a57ffffa5a8-k-c0xffffffff-no-nd-rj",1790000,9405,263245559,2006-05-9,Brasil,2024-09-04,true,true,false
UCj0rz9HZ7N_a49mLaJGHP6A,Supernova Ent.,https://yt3.googleusercontent.com/fnjPwp7jENTlEXbJH4j-Arepp-MeNDcCkVRotGxTNRMSeMjHd57ORh8GPVuzn4rDCMR5XKXo1Og=s900-c-k-c0x00ffffff-no-rj,"https://yt3.googleusercontent.com/aUYUPzv6oUpjCIl6zJLrWAx80gEAESN9OBujHxWKLyQgjaNk3n451zhsbZpeNj2_OLmjM6BgNlQ=w1060-fcrop64=1,00005a57ffffa5a8-k-c0xffffffff-no-nd-rj",48200,12,9239206,2021-09-20,Brasil,2024-09-04,false,false,false
UCEWHPFNilsT0IfQfutVzsag,Porta dos Fundos,https://yt3.googleusercontent.com/vPDI93oKZrpEF-5i2Q5n6UTW-DyQuCMtmtgHoZMTvDn-Xem-2mMad-ZSxBWkHOj_9Wp9i4c9=s900-c-k-c0x00ffffff-no-rj,"https://yt3.googleusercontent.com/A2haxR6m46unnqOGxdf9Ac59D7FSBUQcxCpmrnlGqjX673gCshL8ouUCH-6u5CCYeDqj0NFb=w1060-fcrop64=1,00005a57ffffa5a8-k-c0xffffffff-no-nd-rj",18200000,2638,8274921489,2012-03-11,Brasil,2024-09-04,true,true,true
UCgqD3GdUEfupsdY1kmFLIrw,Paramount Brasil,https://yt3.googleusercontent.com/BI5B5SY-S_TxK9Abta4dbcid4m6mbAbEJtWLEOJfNugA0eAoSvqk-hPZxxSDS-TPoBCl5_XaiWM=s900-c-k-c0x00ffffff-no-rj,"https://yt3.googleusercontent.com/k5jGuIVT33YZReAPm0a2TDYV0aqNjpVol9NpXX0tl6r96mPhobwYnFYbIRZHKi_-YL3CcdFf2DE=w1060-fcrop64=1,00005a57ffffa5a8-k-c0xffffffff-no-nd-rj",408000,1446,605462042,2011-09-20,Brasil,2024-09-04,true,false,false
UCghoGp6lvf3Lfu9cYdfIqtw,chip,https://yt3.googleusercontent.com/MQHXuZj72K5xKcmlk60PHZmZs74fy9F7vHG-Ta8XAwmJYhUFs6zUSUqO7hMASsgYsu9GphNy-is=s900-c-k-c0x00ffffff-no-rj,"https://yt3.googleusercontent.com/Ihq2ii-vVltceImC2CUD_rsyCgEKSPobAt6MMbkNRc9YsTeL3aMGO8xCpwWqdvo04_-W5GPb=w1060-fcrop64=1,00005a57ffffa5a8-k-c0xffffffff-no-nd-rj",786000,251,57870361,2016-04-21,Brasil,2024-09-04,true,false,false
UCV306eHqgo0LvBf3Mh36AHg,Felipe Neto,https://yt3.googleusercontent.com/CYXuAMMhgqaU8bK2VabYbi35CK4ByHRmEJx5tpVncsHhtPfaTacdosGEzkJ5Z-dinGSM7ZXM=s900-c-k-c0x00ffffff-no-rj,"https://yt3.googleusercontent.com/Gr3rSQFWQsXPuyOosxvUkluanNUrpSQrGpD52LToD5wBzIFmESJlFCRD27cZIQ93FgZ0Vj1W5g=w1060-fcrop64=1,00005a57ffffa5a8-k-c0xffffffff-no-nd-rj",46600000,5113,17941186793,2006-05-15,Brasil,2024-09-04,true,true,true
UCYLWk7x2Jg9CRD71MnPRTOg,MC IG,https://yt3.googleusercontent.com/fmsq8WdQO6Czql-YoHAhsvSuySu809XtW3wlZT3S__Tj0G09SwQD1Oj8fEXGY7ReXFSLVZuT1w=s900-c-k-c0x00ffffff-no-rj,"https://yt3.googleusercontent.com/Mk1-8J_EDTYzSYNeHAZ6NdGsA2EFAZ7cSOx_avpxgfLciit6PqJ2aodVhSttp5s2OhRezyMj=w1060-fcrop64=1,00005a57ffffa5a8-k-c0xffffffff-no-nd-rj",1010000,114,879599208,2019-05-7,Brasil,2024-09-04,true,true,false
UCop6604O_QwmEum6e0Riz2w,Futcrunch,https://yt3.googleusercontent.com/4hwCDB8aFrdglQ1FVZjo60K_0k9d-Y-vGACTf1K9d54ttJVoBm-I3czdeJF3VbTyCyB2S9UXEQ=s900-c-k-c0x00ffffff-no-rj,"https://yt3.googleusercontent.com/mBIkukIrYh7he-SmRsf4KYwC6TSBa-iTlCsFD-3jXL-sbPQXScOXzmyaMm8k5Njmcib9dO4QqQw=w1060-fcrop64=1,00005a57ffffa5a8-k-c0xffffffff-no-nd-rj",4950000,714,1895669682,2018-12-28,Reino Unido,2024-09-04,true,true,false
UC63iwP6BtIjxB6xn1GKR6Lw,Emilly Vick,https://yt3.googleusercontent.com/-j8MrNAuS0IHQpJGoWRnX0HMCzT6e213cd_Qcpl-Lrg41K0C3smPB3QrLxCf3dGGjdK_T8xTpu8=s900-c-k-c0x00ffffff-no-rj,"https://yt3.googleusercontent.com/WFrNiJDf5eVDFJw2dGbhqbYeWA4oR4whjOzj00N3EalFR3Hewq0BHWzPWh5hIdrcFEoRmiN5HQ=w1060-fcrop64=1,00005a57ffffa5a8-k-c0xffffffff-no-nd-rj",18900000,718,8040772814,2015-01-29,Brasil,2024-09-04,true,true,true
UCAAPXtnzlg9krw6MtNbfR-g,Fluminense Football Club,https://yt3.googleusercontent.com/ytc/AIdro_nNYinaLuPFoPatbajonncYgt85Tt-4S4CrlIEaDN80TuQ=s900-c-k-c0x00ffffff-no-rj,"https://yt3.googleusercontent.com/HF4Kp5CDARWEupSG6UCpkc5KHHiwPANHylNpFieXKSUDKxJA5ww9DHOtNT7robXwT2_T0dmZUg=w1060-fcrop64=1,00005a57ffffa5a8-k-c0xffffffff-no-nd-rj",836000,5934,150953354,2009-10-11,Brasil,2024-09-04,true,false,false
UCvrdV0gI6sYTz3BZTVRZvYw,Padaria sem Segredos,https://yt3.googleusercontent.com/L_zZByuf-SFPCzY_lNSlVughNpFtkb_C0IiCwFeg9Zf_fZD3v_SmXMiNa9g0IZIZWWzJChmet18=s900-c-k-c0x00ffffff-no-rj,"https://yt3.googleusercontent.com/oAw01t7_XngshFBFImybVLlRpA2WOeT8Y721Xxat9R679cz9Ny_kec3fMOmhpbefxkI4ybiz=w1060-fcrop64=1,00005a57ffffa5a8-k-c0xffffffff-no-nd-rj",1260000,408,67038921,2019-06-4,Brasil,2024-09-04,true,true,false
UCFxjZDrLCOCHkUCu632AmMQ,Botafogo TV,https://yt3.googleusercontent.com/F1-jZe4_B3jlUvQBYpskpfF8P6DQdwg5QCraDy9s-MA64IbWFVlsGB5n3L-kQ6Tzp8ao8iTs0w=s900-c-k-c0x00ffffff-no-rj,"https://yt3.googleusercontent.com/MqAwlrORApHJB39DHOM-uCLid5HewANvwGloTpA61OgRx07JWy47W-Jyr4-2beagEVCesFr7hGs=w1060-fcrop64=1,00005a57ffffa5a8-k-c0xffffffff-no-nd-rj",579000,4651,120853725,2010-04-10,Brasil,2024-09-04,true,false,false
UC6rwiIxv0w2fbmmr66wl1rA,Luan Santana,https://yt3.googleusercontent.com/h4TX_7nXoRVOkrjsLwFLzYBMPbEk5HcO4-IqPYUjx80sTXkuUBziiPx1bdtE_tl1TqUwtza7ObY=s900-c-k-c0x00ffffff-no-rj,"https://yt3.googleusercontent.com/mq5azdBgS3zUdGkaGy25Oa2eC_aG3ZpGQnfxKUKeAz0hOtDWjOX5RHZEuqOGg_ItrkxH5UPjpw=w1060-fcrop64=1,00005a57ffffa5a8-k-c0xffffffff-no-nd-rj",12700000,509,6856247190,2009-03-10,Estados Unidos,2024-09-04,true,true,true
UCWwE79E_-in6WnX9qm2oFcw,Paulo Vita Show,https://yt3.googleusercontent.com/s-5a2vilmEbaKyEDPD1KhxxTkzyEBaVhslMXcqJJVXpt8lXHW7zuTgLC5e6uE2dkpoHH3ore6Cw=s900-c-k-c0x00ffffff-no-rj,"https://yt3.googleusercontent.com/ulkz4XLxOw3Ddiz2pJmgdXztX9QePEZDgbcUqwaKqMvXPvxGMYlo3Cmi6nTReaGhB_G-7Qy2=w1060-fcrop64=1,00005a57ffffa5a8-k-c0xffffffff-no-nd-rj",435000,104,33981207,2024-04-16,Brasil,2024-09-04,true,false,false
UCLhgIX2L5ZCaWdlaxR_oTAg,東映アニメーション公式YouTubeチャンネル,https://yt3.googleusercontent.com/ytc/AIdro_myyt_CjXcGgkWi4SsmF5nMJV6dVHQLRXVFRS5hXow3FOo=s900-c-k-c0x00ffffff-no-rj,"https://yt3.googleusercontent.com/Toteocu4crr6u2wvVfenNq541MKNIEexIq0PMXc9acRt5DMx18ZxZBgF1ElnbtAsapNK33zT=w1060-fcrop64=1,00005a57ffffa5a8-k-c0xffffffff-no-nd-rj",766000,1414,415677994,2014-01-15,Japão,2024-09-04,true,false,false
UCgrFZP2B8H6pWgPL1bAqkiQ,Fixz,https://yt3.googleusercontent.com/BbucNXiZIaw9vzDUc-4SccegP_3ztBy51CCD-VvDozFx6zQqYWKYPyJADzfGX60vRrjloFFPYA=s900-c-k-c0x00ffffff-no-rj,"https://yt3.googleusercontent.com/V5_WZPUFnDuPjr455mqfXAtkcunsRf6pJolQH7WFokSc7vBpL8YE0uwLn3ckY0n11nw5bLYUcds=w1060-fcrop64=1,00005a57ffffa5a8-k-c0xffffffff-no-nd-rj",1210000,321,168983809,2016-03-13,Brasil,2024-09-04,true,true,false
UCEpCeCLUp6Oy75p7WixzjcA,Mc Cebezinho,https://yt3.googleusercontent.com/A1t18iX5dk0Oz2KYA4hyb5ZzQec8zgbV84UkmXp4z2gAYoM_pYTAazUAIXkMtvgxRDXa-fxr=s900-c-k-c0x00ffffff-no-rj,"https://yt3.googleusercontent.com/qAfnznIQgAQunX-7JqPXSmB5uflAh8oRFT6sRf1zuKM8Jgfcesi0xpjSL3lGVlIEvFyjODnbpvU=w1060-fcrop64=1,00005a57ffffa5a8-k-c0xffffffff-no-nd-rj",173000,31,94907596,2015-01-8,Brasil,2024-09-04,true,false,false
UC3IZKseVpdzPSBaWxBxundA,HYBE LABELS,https://yt3.googleusercontent.com/ytc/AIdro_ldT8kWzx6T1Q7LQL4ENvkeCGjFP6hUzWgHSVtjddJ5Ib0=s900-c-k-c0x00ffffff-no-rj,"https://yt3.googleusercontent.com/AgaAy56OcOTNWBBIVO_ZrOJO-mm0ZuUEllsKiQ_Yt3XNQZAlCXkQ0ZXuD08ta-v96pVGmpV_=w1060-fcrop64=1,00005a57ffffa5a8-k-c0xffffffff-no-nd-rj",75600000,2026,35677462682,2008-06-4,Coreia do Sul,2024-09-04,true,true,true
UCugD1HAP3INAiXo70S_sAFQ,Pabllo Vittar,https://yt3.googleusercontent.com/s2oetL6j5RYOLScpZvDoNOLgPJc7OuBivK-WBkuk8-BU8yaGHVTZsYY3j4fQnFxNZ6mMS9S-=s900-c-k-c0x00ffffff-no-rj,"https://yt3.googleusercontent.com/D2MvCxxTyBVa1lZaRS-oVXoZr-7D_MDfk31l02miB8Vx4V-rnY-HYznst9EiecnE1n2N6ckAQXQ=w1060-fcrop64=1,00005a57ffffa5a8-k-c0xffffffff-no-nd-rj",7900000,272,2326421148,2013-09-26,Brasil,2024-09-04,true,true,false
UC1erzuuEMuxBcKHEBTigaCg,ALLISON ZO DETONA FUNK,https://yt3.googleusercontent.com/ytc/AIdro_lW1929VD8bs1JFyO2_HQa0xikse-AVjeCfJ_e85VHWf3E=s900-c-k-c0x00ffffff-no-rj,"https://yt3.googleusercontent.com/e3OIEgpvedHjXls4er772LEG6cRMHRvQr7VlKFtfgTiUuVWW8tWdIoZ0VWEtODzvxNKUc5iPoRE=w1060-fcrop64=1,00005a57ffffa5a8-k-c0xffffffff-no-nd-rj",3190000,3079,1065140299,2013-05-3,Brasil,2024-09-04,true,true,false
UCU06XOgERkQV7xCsrNLTf4Q,MC Hariel,https://yt3.googleusercontent.com/AM2m13BstcZT0o-UNOnVsd1AtKbSs2qChvCDuNV0XYgIn0xqedjb2A0tUpPOJ1BBkbvCYICjWg=s900-c-k-c0x00ffffff-no-rj,"https://yt3.googleusercontent.com/Pp5KGp5PiYmR21OFGLGGDZcMTxrvowQ_hSRfXb1elyqPGGJfN6r4ss5tnMiM91AoP0w7tLYgDQ=w1060-fcrop64=1,00005a57ffffa5a8-k-c0xffffffff-no-nd-rj",1980000,251,881310164,2019-05-13,Estados Unidos,2024-09-04,true,true,false
UCqRraVICLr0asn90cAvkIZQ,Corinthians TV,https://yt3.googleusercontent.com/jS3b-fgIB7OkNe24bYDAkaLtIVWlGqSHjKeKYrC50ZvKfJjguBWlRmjDUskccJga-V7l6e661g=s900-c-k-c0x00ffffff-no-rj,"https://yt3.googleusercontent.com/0_ZNHUPD9tXkZ8qqoCbbj9pgGhNzjnh_xEESuzKbSN-4wF_QxFAdhNGNRfK4INvB6KIayYhGaBk=w1060-fcrop64=1,00005a57ffffa5a8-k-c0xffffffff-no-nd-rj",2170000,7671,332809706,2009-05-29,Brasil,2024-09-04,true,true,false
UC5BW1WJ3ioahNzFUBdJ7cLQ,Rafael Brandão,https://yt3.googleusercontent.com/C2gppxbMLCPfHy5ninhw1QAd4Ll_yRB6-GEzshexOjZaG6Hoz_SJeL1QE8ejigwbaa3FVQ2UuQ=s900-c-k-c0x00ffffff-no-rj,"https://yt3.googleusercontent.com/VVioIMnmJ5h8ShmXPHR4nlifIgmZFss4Ut1l_wJPsmFlPzbbOidyLPVYxpdne-AXlf8Cvaq6eg=w1060-fcrop64=1,00005a57ffffa5a8-k-c0xffffffff-no-nd-rj",438000,665,56258178,2014-09-4,Brasil,2024-09-04,true,false,false
UCZfSPADOfrGs4ub5XLfywFQ,Nívea Soares,https://yt3.googleusercontent.com/k_nMrNwlQg5MYJeQW6to8zOBriHk8L-LLCF9GDKwV3Vy1lDxmUSUaxpk89X7Ixtt136TxCDmkok=s900-c-k-c0x00ffffff-no-rj,"https://yt3.googleusercontent.com/7B-6_VI485XGxKJLbrm-6bldsYKgDu3j1y4yhuDxJB-V-yu4pEkYMl1xFKyw7huWq1CmQoKKd3E=w1060-fcrop64=1,00005a57ffffa5a8-k-c0xffffffff-no-nd-rj",1570000,492,519439597,2006-09-15,Brasil,2024-09-04,true,true,false
UC9NXpIA01HVRhYgcEbs80Nw,Sony Pictures Brasil,https://yt3.googleusercontent.com/aBHwyunsTiSFMpPYoeIH3zSHntdPx8__EeTKqYy6gEE3fpaMqVszEsDx8FKfAo0EzgTON3ePhhM=s900-c-k-c0x00ffffff-no-rj,"https://yt3.googleusercontent.com/GbTO0YnNw4t2zpC1-8QRLRrELXnpUT4dCtVzRIag1DXeBd0m_43YnRr7VItfGExzInS4Gut4uA=w1060-fcrop64=1,00005a57ffffa5a8-k-c0xffffffff-no-nd-rj",972000,1761,887500196,2006-12-1,Brasil,2024-09-04,true,false,false
UCooVYzDxdwTtGYAkcPmOgOw,Brawl Stars,https://yt3.googleusercontent.com/Gtbz6C-MEA3cDKEotcjBdOwwmobQz4fEgM_gTx_w_nDU7ddj5mu3nkEDxWy0aVavkm2kIPWQog=s900-c-k-c0x00ffffff-no-rj,"https://yt3.googleusercontent.com/9VJ3Qhq9X4Smll6rj2NiUKI24RYKEM7yR-dvReTshbFKu7XMU8qHClCf16FD6vh99egQFW5vvg=w1060-fcrop64=1,00005a57ffffa5a8-k-c0xffffffff-no-nd-rj",19700000,234,2745686347,2017-04-28,Finlândia,2024-09-04,true,true,true
UCJO_H1wW8zWTA1yHVy2s-Fw,Kleberiano,https://yt3.googleusercontent.com/cIZXDBv5kq2O5Miu-wpk0CeuJX1mXKvj5pjo2F1SMKVtbiD9C6w5JiOU8-yyphKKEDcSRdsCxg=s900-c-k-c0x00ffffff-no-rj,"https://yt3.googleusercontent.com/ejW4VhcRwwhBKfU6uB1V4E8d0jMH0V0SWqDiFtyCAjfUpo5FMs_J8Ft-Tn19urqQw7PNbu7Hcw=w1060-fcrop64=1,00005a57ffffa5a8-k-c0xffffffff-no-nd-rj",2230000,502,417195983,2013-11-10,Brasil,2024-09-04,true,true,false
UCD9cMUkHNW380sh3_YedolA,MuuhPro,https://yt3.googleusercontent.com/sVk8sroxNhqRz1mHp-T5x77fF8hmP1tFsUc6RpAXnLDYCt9G_F1j7d9b8RRxghcJToJqaE-y=s900-c-k-c0x00ffffff-no-rj,"https://yt3.googleusercontent.com/Ij40pwxrsAgME9_VQQRDtS79i5Cc4ookGJDv_cLsXkqpjxdZ6EH8YKOaJRlX27Q7tIH1IAR2lw=w1060-fcrop64=1,00005a57ffffa5a8-k-c0xffffffff-no-nd-rj",4099999,2729,925620843,2012-01-4,Brasil,2024-09-04,true,true,false
UCsSsgPaZ2GSmO6il8Cb5iGA,DaFuq!?Boom!,https://yt3.googleusercontent.com/P2dEEGGTZdLx7313inVbiONF5Kz-Pqik9o6s255XtMWMoxikwsswwvf57o3xBq7NSGsXK9lDNQ=s900-c-k-c0x00ffffff-no-rj,"https://yt3.googleusercontent.com/0ievIOy4OdQXfLXx5AJyDIjdwz7kWaBWjJ7gY0pkqnfayWMm0IeHHXSEuDkZVNaW88CrwY07tec=w1060-fcrop64=1,00005a57ffffa5a8-k-c0xffffffff-no-nd-rj",43600000,298,17488168169,2016-06-6,Estados Unidos,2024-09-04,true,true,true
UCmkSzYG4ykYKFE4Ow0030zw,Grupo Menos é Mais,https://yt3.googleusercontent.com/vFwXUWke2bZgLR8t0U9fvmedo6sCIVWUmFJTnQzsJS2mSw-nW1_33OyG4egnOIih4fLpmpxN=s900-c-k-c0x00ffffff-no-rj,"https://yt3.googleusercontent.com/sXsRK0OgotiB_tYkKhH18INrzhJH6TWAJ27nTDAYVsrDaqznimck9VDaTDkTRfh2DQv5qdAbag=w1060-fcrop64=1,00005a57ffffa5a8-k-c0xffffffff-no-nd-rj",4220000,421,2845668277,2018-11-6,Brasil,2024-09-04,true,true,false
UCMUcTceXYCuCyGTNMNvc1qQ,A Praça É Nossa,https://yt3.googleusercontent.com/DRwHso3Guzgu1CsxuIhSEGzrlfllLWbhMllduEJJK2vPb_qN7_PhtOsHzjlfuYjuc-z9EZRy6Q=s900-c-k-c0x00ffffff-no-rj,"https://yt3.googleusercontent.com/FVGvCx4kWOKNRRqRBrLIdOsAtlLIp43Eul0b1S2pwk6r9XxJfWdt_Cl-_6DQWE5hOHF3uKA35w=w1060-fcrop64=1,00005a57ffffa5a8-k-c0xffffffff-no-nd-rj",4670000,4137,2698202309,2014-04-8,Brasil,2024-09-04,true,true,false
UCw5-xj3AKqEizC7MvHaIPqA,ESPN Brasil,https://yt3.googleusercontent.com/ytc/AIdro_ma030CksbiH0ueLUATKsGGEmZkmIdjFcS_uiI49Mton8Jz=s900-c-k-c0x00ffffff-no-rj,"https://yt3.googleusercontent.com/q0wDoK0X15UGV021fVJI5YCaNVsP0-rn7tNBHIgOv6cgleR2VNlCM3-iUiuV-Ogq2czjBSeNtc4=w1060-fcrop64=1,00005a57ffffa5a8-k-c0xffffffff-no-nd-rj",6340000,37196,4182192509,2012-01-4,Brasil,2024-09-04,true,true,false
UCo-SyplR7M1ZC1w0YhwMa8w,Goularte,https://yt3.googleusercontent.com/aaakNQLtIdGm1s3Ll34_rmf2l3kez208ITn0x4ZJQtKmoE_idiL1NjH6QfcMoV1AVwYE4IdrZek=s900-c-k-c0x00ffffff-no-rj,"https://yt3.googleusercontent.com/gXgZ-h02Nwk0_M4QplrxxHzEzmGXw3VRWLV7KWhAdJr_8z-eZ0Ov3w-shPhTe65mld1zZnly=w1060-fcrop64=1,00005a57ffffa5a8-k-c0xffffffff-no-nd-rj",5430000,1054,981259967,2012-08-24,Brasil,2024-09-04,true,true,false
UCEhM0eu3Y95XnVjDpTd4Jgg,Fran Japa,https://yt3.googleusercontent.com/Shc9MwCfmPCFgRGTv2XK7iAhvJ1M0m5r0tezp_Fo4YPJKpXQWhiSLoIACDrUzXqRI-4GIZylgWs=s900-c-k-c0x00ffffff-no-rj,"https://yt3.googleusercontent.com/VmEcH9C-2gtEr21qSv7flD8krW5RXPPIEP_sCUYRwqjwluLEHTBt07XEwsamo99Ge8ilxL2G=w1060-fcrop64=1,00005a57ffffa5a8-k-c0xffffffff-no-nd-rj",1970000,550,452380498,2020-12-26,Brasil,2024-09-04,true,true,false
UCNl_i-ggJbZNyOLlhE7yyhw,Jornal da Gazeta,https://yt3.googleusercontent.com/ytc/AIdro_lgrZefqWi4riMBcUtTwLWKABRdJJ3jrlLbU5nhSoyjr9M=s900-c-k-c0x00ffffff-no-rj,"https://yt3.googleusercontent.com/a0dTT6UUIIXSPpu3AoGqG3t7Icgcg6JGE7rpyWzXr_3ANeRooV2HGy4ygi9pYu86EmjUaeg8WA=w1060-fcrop64=1,00005a57ffffa5a8-k-c0xffffffff-no-nd-rj",971000,46253,284937313,2007-01-4,Brasil,2024-09-04,true,false,false
UC0LlPl_mWhIFqVxcH1l3xpQ,WebTVBrasileira,https://yt3.googleusercontent.com/ytc/AIdro_kuU3D_ETtu2REBnV_E2ZyHl30BbImEZ0NpyDxp4D5ES6k=s900-c-k-c0x00ffffff-no-rj,"https://yt3.googleusercontent.com/3GAWeAMZzxUavG9onTQcrmrRLVmocCw8FY2-SywpqG_IP5d-i60EwNbwEzlsqP2bmZDdEIWr=w1060-fcrop64=1,00005a57ffffa5a8-k-c0xffffffff-no-nd-rj",2360000,5651,1163918825,2011-12-17,Brasil,2024-09-04,true,true,false
UCSRhHqL5nIlhyt1-LIzsXJA,Mundo Torajo Jovem,https://yt3.googleusercontent.com/Wk0Jw2GJNsuAxanG_uTZLfORldSmI23oI0ppFnoHDAWm2oO6sa8d1wRj-Macml7I91l5UmrVfA=s900-c-k-c0x00ffffff-no-rj,"https://yt3.googleusercontent.com/vqJYnPy17kmWzhbJ5kkhKCLuzLy_BMe-pdHO5NUVqwtajYARhlRsz-6fkXbO3WfKFugqyvAm=w1060-fcrop64=1,00005a57ffffa5a8-k-c0xffffffff-no-nd-rj",635000,123,42108595,2023-08-16,Brasil,2024-09-04,true,false,false
UCNUQK9mQoqi4yNXw2_Rj6SA,GR6 EXPLODE,https://yt3.googleusercontent.com/SahCIj4fyMUcrq0JGidN_XhfX93kGrwsLecVJ0drg5ycQVWKT9TTVPL6TYe0jzMm9GoX3iFtkQ=s900-c-k-c0x00ffffff-no-rj,"https://yt3.googleusercontent.com/wvwgL8E94yBIPPaJIcXn3QrBaO5VGqfepFhb45KujyKeXMmHOy06_BwNO9W3d7PEMVOFPjBNCw=w1060-fcrop64=1,00005a57ffffa5a8-k-c0xffffffff-no-nd-rj",41200000,3236,28165529354,2014-08-4,Brasil,2024-09-04,true,true,true
UCH1U29foC-5RyAa4ZgkuQYA,Fernandinho,https://yt3.googleusercontent.com/UFhEUTa0rgnXejjwe4HpkRMpbJD93FzvfbssMyspei7Feo_aNv75PliJgQazmUtZKiIIUqwY=s900-c-k-c0x00ffffff-no-rj,"https://yt3.googleusercontent.com/UT6Xb95ag0Gb4tWFpB_GC3ZCPwq82_M39Vj8x_99yZGE4PLT5T8o7p3N4J7q5LlO_q_tvIImRWA=w1060-fcrop64=1,00005a57ffffa5a8-k-c0xffffffff-no-nd-rj",5660000,681,2334780571,2006-09-27,Brasil,2024-09-04,true,true,false
UC371icpvZj2oQaocL0i9L-g,DUDU e CAROL,https://yt3.googleusercontent.com/J0LugXeHigVBnfRcqKQa39cox1FMUkMnMUh0w86DcZwGhFqRVeNkhOcSbiiA_QT5RuhMGC6d4w=s900-c-k-c0x00ffffff-no-rj,"https://yt3.googleusercontent.com/7P3-dIU2-58DFVi2wk--05KrWMfPBBdDoHih5PUwMwu6a5qZX5XQm0E7UyRgKgfnFzal_7yhqg=w1060-fcrop64=1,00005a57ffffa5a8-k-c0xffffffff-no-nd-rj",25300000,3075,13019632232,2013-03-2,Brasil,2024-09-04,true,true,true
UCL64gn1KZ1C-u87BGQv3b6w,Jorge &amp; Mateus Oficial,https://yt3.googleusercontent.com/RhoxNU2GcW0Zvw4kZnD9xRTjmoJFcBDvd46RwHGM-5clT_CLkUbp6OS1awXKcZoZuPy7Q7E6ZBI=s900-c-k-c0x00ffffff-no-rj,"https://yt3.googleusercontent.com/E5uSJ7qylAlDNM0jvlGV7RFQL6Ex8vlvC_2upXIc6h28pCzv-LUUwLvSzWk1rBT-q6Z1nRdASQ=w1060-fcrop64=1,00005a57ffffa5a8-k-c0xffffffff-no-nd-rj",15100000,354,10296710285,2008-07-29,Brasil,2024-09-04,true,true,true
UClHJ7hWP-oGSOlZyeuqyBww,Lances Futebol,https://yt3.googleusercontent.com/kw7uBA2mnhav5ohaqzvOYjJtno_G0NKrue50Htqo_KYmR104vJ5p6BPQSaFJMWrCuIkwaIlGGQ=s900-c-k-c0x00ffffff-no-rj,"https://yt3.googleusercontent.com/lM8W5lBgi1G3Vqh5inqJ5qq0l-Az2WuqVxKy7MIMnS8W-j2PVpcaSXmCROhnJ67D-VTRCe5H=w1060-fcrop64=1,00005a57ffffa5a8-k-c0xffffffff-no-nd-rj",45600,281,11176596,2021-11-11,Brasil,2024-09-04,false,false,false
UCmfCqii97QZdcQ6d5qyz4GA,Fanático Vascaíno,https://yt3.googleusercontent.com/BanAxfMvG_g1yHs3FG_Jkug1uLrIyEzieVJlwF_5Dl6V3seIibZFYNqff6a0Rjoes4Hn_j4uPw=s900-c-k-c0x00ffffff-no-rj,"https://yt3.googleusercontent.com/VUbG61QZdk7eG-SioJvvziZGa8Vc5pD90-xlnSv3J5HPVbrXYVb_uKQ8irw-Dt1EQnMKcUgMnuw=w1060-fcrop64=1,00005a57ffffa5a8-k-c0xffffffff-no-nd-rj",193000,3236,47451453,2013-08-11,Brasil,2024-09-04,true,false,false
UCtxD0x6AuNNqdXO9Wp5GHew,UR · Cristiano,https://yt3.googleusercontent.com/yKfa-GV-v_O-6jZKHwBuc2FX0Q5ths8OqYTOAmOwzVY0q3miZT0L-rUzve-M2QBdONcTYaEO_JI=s900-c-k-c0x00ffffff-no-rj,"https://yt3.googleusercontent.com/nVcFLog8OaXYCQWdcr6RY-VzdJ6IKgdqKwcG4LcpB9OISMn187VsGuWfcw8UUZw6D1sajVRCbw=w1060-fcrop64=1,00005a57ffffa5a8-k-c0xffffffff-no-nd-rj",56900000,30,392014158,2024-07-8,Portugal,2024-09-04,true,true,true
UCEOGSdXwcXcNfcuDGbjmgOw,Julia MineGirl,https://yt3.googleusercontent.com/ytc/AIdro_nOrXpOqUTmS6jBDdMDmlEsflVdz2q-2hjmrslwODhvWoE=s900-c-k-c0x00ffffff-no-rj,"https://yt3.googleusercontent.com/J_UujcHWjSwdOJZebVbJm8nDVJFOboddx9cBTq551Sz1rAHyFNAPO7RgWdBQkHYpH5lidkogug=w1060-fcrop64=1,00005a57ffffa5a8-k-c0xffffffff-no-nd-rj",11100000,2564,8470802934,2015-09-21,Brasil,2024-09-04,true,true,true
UCwnSOhrpJLe-bwARGDMQEVA,Lyons Produções,https://yt3.googleusercontent.com/ytc/AIdro_l9y3GG7KrNVHJ0UoJFRhC6ucvZx531Qg8_CsxnSC8DPw=s900-c-k-c0x00ffffff-no-rj,"https://yt3.googleusercontent.com/Q4kykIA068-f5p00gh_nXMjLZB-N9esO4d0LjI4_jcKXivv1cw9bPV0KfNPyyTaZHTEqnq6k=w1060-fcrop64=1,00005a57ffffa5a8-k-c0xffffffff-no-nd-rj",471000,122,262743493,2019-09-4,Brasil,2024-09-04,true,false,false
UCukwGwBD-pAbGzoJo6ZXPtQ,Tonigon,https://yt3.googleusercontent.com/sExY7MWl0wQGH55-PAFWlAgplTf0ra013CN1fpf8yKE2ToSo1G1QhfFFDVYC61bSGA3ggvAzaA=s900-c-k-c0x00ffffff-no-rj,"https://yt3.googleusercontent.com/RZsbvvgaLEpA8I2fI77zSfDkbYm5TCNiR7xDtPwiNPvbafUh2e28-qRP9BL7k3WueE56kDB6zg=w1060-fcrop64=1,00005a57ffffa5a8-k-c0xffffffff-no-nd-rj",3440000,428,688598000,2017-04-29,Brasil,2024-09-04,true,true,false
UCgCKagVhzGnZcuP9bSMgMCg,ge,https://yt3.googleusercontent.com/XHCE1FH6F1fBdRQjaf4Q08y4_GpdyiLU1vEFG20H2rs4sdRP00O-c6M8EBTJbwn01cHQ1lFR=s900-c-k-c0x00ffffff-no-rj,"https://yt3.googleusercontent.com/cR07eb6krYN_rBvo0bcUIr8QUe4p0OONes4J3W9PPuIeMbSwp9Ltipdmf06IcTInCYl9te1e=w1060-fcrop64=1,00005a57ffffa5a8-k-c0xffffffff-no-nd-rj",5150000,16894,2982948187,2020-08-4,Brasil,2024-09-04,true,true,false
UCqifkpdmE1z3VhfQoJzwpJQ,Cruzeiro Esporte Clube,https://yt3.googleusercontent.com/tAM8Rhhw8sG42ZhtwtNWtkxxY9z7Lsn1JjdHpaElRx9Os2ZHZH1rgreZR-9KGnFT7_drF-T-=s900-c-k-c0x00ffffff-no-rj,"https://yt3.googleusercontent.com/1PlVgg5fX5qkXg202lHn0PY0kJ59GgZmy0USDTKjMHTs9bR3NbXzFKwo6Qqw8zM77WJJnQk0dg=w1060-fcrop64=1,00005a57ffffa5a8-k-c0xffffffff-no-nd-rj",630000,4991,99726333,2011-08-2,Brasil,2024-09-04,true,false,false
UC033rpv7OKk-QYfrvwl5s8Q,TV Quase,https://yt3.googleusercontent.com/ytc/AIdro_l1iu67Z7LRUwwe4YRcaudMtsD17vynX8Oyegk9fE8PkvY=s900-c-k-c0x00ffffff-no-rj,"https://yt3.googleusercontent.com/qn7wVvZOoB8N08r8Kn4KRTrJ0InpF23y7pyXXCYi2HL7hoT53BYF2jfTsyyBzodirC7yxewX=w1060-fcrop64=1,00005a57ffffa5a8-k-c0xffffffff-no-nd-rj",852000,682,136427860,2009-08-6,Brasil,2024-09-04,true,false,false
UClQ3NafOy_42dJ0toK3QUKw,Stay Wild,https://yt3.googleusercontent.com/8Yat-ht6uSglpKe5BonuiW3ZeaoU89MP0652EWzITq0lMWYD99Ak1pZXdZlqrSjUVm5WRjErnA=s900-c-k-c0x00ffffff-no-rj,"https://yt3.googleusercontent.com/QBEDMR1LysX-uQNSzMwotNq0YBEwY45sHYNsapAgc7eiq_IGBhR73_ELfBISZb98NTcebxHQbA=w1060-fcrop64=1,00005a57ffffa5a8-k-c0xffffffff-no-nd-rj",5840000,178,1580140677,2020-10-6,Estados Unidos,2024-09-04,true,true,false
UCG90vRbG7aMXu0nD0DQ2wFA,MC Luuky,https://yt3.googleusercontent.com/OshRY-a1ZfwYmbhBZTD5xhOrkkqqrD4a-DJa6Gatwu9vOYBeRugYsLubV8bSN4SCLhqJb5Oe=s900-c-k-c0x00ffffff-no-rj,"https://yt3.googleusercontent.com/F2EmccdlAoT6bArwDxUSe1gEOE7fEPMKM97qY12Wg589iBXe_hZT3rCMRtG5650iwFnEPgB2CQ=w1060-fcrop64=1,00005a57ffffa5a8-k-c0xffffffff-no-nd-rj",58500,5,39366132,2016-05-26,Brasil,2024-09-04,false,false,false
UC3EPFEI1TdOtPdDPS1nRt2w,Nattan,https://yt3.googleusercontent.com/jNNrrYSxzdlg9Ptot8f2kZEGz7dGxos2pkT1uplaMzca8942VNqpxDF3XgNJtzXX-RHpaZtiTw=s900-c-k-c0x00ffffff-no-rj,"https://yt3.googleusercontent.com/t-WjlPo8ClpsV1y-Bh27Dl4F7y0fRb6eKu82kQ9Rj8D18k4B5QISVHyuZibMVR3ZQALgy1VC=w1060-fcrop64=1,00005a57ffffa5a8-k-c0xffffffff-no-nd-rj",2110000,337,1705769400,2019-02-15,Brasil,2024-09-04,true,true,false
UCX3zTAsEoZ61rQMYb_08Tow,São Paulo FC,https://yt3.googleusercontent.com/C8rCyrTuhCFBj7U0Od4-4ISbgp5i7OMfAudqi2h7vgcFOy70J6pSao6qG0YO6p7LpdTqlqbceQ=s900-c-k-c0x00ffffff-no-rj,"https://yt3.googleusercontent.com/L4UugImVvI-AoRAGDVylK2zeG6vKcNnk7MJAkMDv1hSwa8LuqHmohXNM2ChJQiVEZWgw0cQGUJI=w1060-fcrop64=1,00005a57ffffa5a8-k-c0xffffffff-no-nd-rj",1920000,2421,223433047,2008-11-29,Brasil,2024-09-04,true,true,false
UC4aiJNDUviw_vMhdCq5Kq1Q,Cortes do Casimito [OFICIAL],https://yt3.googleusercontent.com/ytc/AIdro_nCsNkmWbWdqNCyd11JvZofrUTOcCKDLMgOdAu_tgGKLw=s900-c-k-c0x00ffffff-no-rj,"https://yt3.googleusercontent.com/npSEk2a7iVZoSCb8oLMxiE0FND9o4nx9WgPODVJTZKcpR3tv9QTROJLPa6fUUAE4a46MYEuDxlY=w1060-fcrop64=1,00005a57ffffa5a8-k-c0xffffffff-no-nd-rj",3930000,5567,2049971945,2021-03-11,,2024-09-02,true,true,false
UCB_qr75-ydFVKSF9Dmo6izg,FORMULA 1,https://yt3.googleusercontent.com/tyLW5LsJGwr4ViM30OeYbuLcu_MXfpRzP8y-X9_aKfTNJeMFHmnNbPyxxhaFDA9NRgwEu9mT-g=s900-c-k-c0x00ffffff-no-rj,"https://yt3.googleusercontent.com/-5sf74LiXDVaHubYItOGxjPYmHQoEWB2luU1ktBYDHyi8qM_lJLOqnzbtYpVXRr20_btnmyT0NY=w1060-fcrop64=1,00005a57ffffa5a8-k-c0xffffffff-no-nd-rj",11000000,7761,7110136612,2005-12-28,,2024-09-02,true,true,true
UC8cP4kV1GIbxRH-mlilSniQ,Problems2,https://yt3.googleusercontent.com/67wfiKr6vjCLtj3S83-0KRHii7FdYkxQuF_4XZozwnyXA0jO-hg3ieBY5o6ts8U9_GGcmx5XSjM=s900-c-k-c0x00ffffff-no-rj,,50200,4,515679,2023-11-13,Brasil,2024-09-02,false,false,false
UCwWry-1Ho6k4FjPimZYu-nQ,Rey Vaqueiro,https://yt3.googleusercontent.com/jd6C6nkUGq1cFNp8K-DvDzUp_M4Bl6YEed8H7HL_MUw6JSlTckyNqS8-ajg53gTdTLk5FJqZ=s900-c-k-c0x00ffffff-no-rj,"https://yt3.googleusercontent.com/OlhN9qlkdWAUPspsFx3u68LsHR0knCcf3NYaoR5ZwsTH6K89A68gGmuTItF8IzeDo-i2W0xu=w1060-fcrop64=1,00005a57ffffa5a8-k-c0xffffffff-no-nd-rj",95800,31,50256491,2023-06-21,,2024-09-02,false,false,false
UCMcc9elPZGpg6eU4i3YaCpA,Nosso Futebol,https://yt3.googleusercontent.com/XeXc-q-k3tcNRit7Z7IV-5PsbE0eIAQPeRD95Id0nTMzjA_7ve9WwSvLgEmw9yKWdRMrxaXndg=s900-c-k-c0x00ffffff-no-rj,"https://yt3.googleusercontent.com/rvNZy7gEkw7OvT6sFpnYpYsSc_XZ53QBsyE1jBgQTGO1RizYwEWLVnQ4r95uFwzQwRCf7cd1=w1060-fcrop64=1,00005a57ffffa5a8-k-c0xffffffff-no-nd-rj",291000,1311,36740836,2022-11-2,,2024-09-02,true,false,false
UCmkpamA3VzxnbJuUAY8vMEw,Rizado,https://yt3.googleusercontent.com/bU0IivOIHySEaqVEd7uAOFZkG-KrSgJ8gt2Y81nbZlBtZrbmYLwO-pUqLAnlV0GgI0Z-cqUy=s900-c-k-c0x00ffffff-no-rj,"https://yt3.googleusercontent.com/lbyXaqTO66SaGCuimsG4FS4QLkuAJh31DEC-DSjrdxuDEcjPPwSpdGZg4pUTjMqaFlj11Fpe=w1060-fcrop64=1,00005a57ffffa5a8-k-c0xffffffff-no-nd-rj",547000,245,155196169,2014-09-23,,2024-09-02,true,false,false
UCOSdNJnoPI6rxbrFihfd99A,Fábio Sormani,https://yt3.googleusercontent.com/Jm_jCI2yE3ZVJh4tXGyyjTSBDyweczoDlcznCG6KdyTDVUwQV-iOwhtyZO6FXfGLPnmRt93GHA=s900-c-k-c0x00ffffff-no-rj,"https://yt3.googleusercontent.com/ZYuC0YNLp3aOXPTZkqBN-iSWMaoFCEQyJdx0-0fPg2y6X5qE5em0GDiFdMN_4RdK5OeQiGc81mI=w1060-fcrop64=1,00005a57ffffa5a8-k-c0xffffffff-no-nd-rj",81900,452,12396551,2023-04-13,,2024-09-02,false,false,false
UC-5npwFvOH9Mp_a15T0VT9g,Programa Silvio Santos,https://yt3.googleusercontent.com/-LXi6aXLILabwk5j9-3cmsSlm-h13tV3FiQ9KY7V6Qj5MG0b4u1BM6QPUWK6VwjZzHoQIKzcBQ=s900-c-k-c0x00ffffff-no-rj,"https://yt3.googleusercontent.com/GjUAynPJ9QJZfk8SyAFyGRj7i8YhA01-oTXmlDW9heaFrBdFiBBXj6L1SIzLfx3ZG6WLPVtgxXY=w1060-fcrop64=1,00005a57ffffa5a8-k-c0xffffffff-no-nd-rj",2910000,2178,666379559,2014-04-7,,2024-09-02,true,true,false
UCD1Em4q90ZUK2R5HKesszJg,Clash of Clans,https://yt3.googleusercontent.com/sKnSDOlMiUodnrAS1mBy61M7WqvgplLAzlmAox29S_fw9r6f04VAH-GF7jO8x_PDAx0WkDKD=s900-c-k-c0x00ffffff-no-rj,"https://yt3.googleusercontent.com/zbcN5bfMTfULDmNtiXLTO0Rii4fspUdcZenYGZiCWI310Xm8b9AUql4rI-QzfDGZdwt03v0SkzQ=w1060-fcrop64=1,00005a57ffffa5a8-k-c0xffffffff-no-nd-rj",20800000,920,4645382404,2013-01-31,,2024-09-02,true,true,true
UC4mYKePIas5YgGfYZ2J2OxQ,SabrinaCarpenterVEVO,https://yt3.googleusercontent.com/RskMth_eJ47pOnTdRAg3wD1iD5i6h8KziII1gIHPNBEbIGBQTBq6yBhM3iHVFx_pTLbzDXYj=s900-c-k-c0x00ffffff-no-rj,"https://yt3.googleusercontent.com/dU_he4r_ZfBUQIfys_Kp6n5hQTIZKxTbLJ62cM238qgHvec3nAm8293xT1w6yCmixppDcCn05w=w1060-fcrop64=1,00005a57ffffa5a8-k-c0xffffffff-no-nd-rj",20000000,121,1650090520,2014-03-26,,2024-09-02,true,true,true
UCTbp-9j8d7KanfWwCfY0bqg,VicDeAngelisVEVO,https://yt3.googleusercontent.com/PwMu6cLq9slusQz_02fe_mcAr3z4JgUJVyJHMV3OUQdMm_Ctbcry2GGtSoz85K2EKZ8O5e-x=s900-c-k-c0x00ffffff-no-rj,"https://yt3.googleusercontent.com/mQKnzjTlXRKkOFCffbYTsGbMFTyHRNxh-YurDzm3x46qFTlHSHBjfSXV4prubHeJUaJS9DkhCVA=w1060-fcrop64=1,00005a57ffffa5a8-k-c0xffffffff-no-nd-rj",19300,,903824,2024-08-5,,2024-09-02,false,false,false
UCZD5qcen7lbLPFTjfvdLFcw,Vasco TV,https://yt3.googleusercontent.com/Te6NOIRvrye0NFyK9Rf_b06Ka5v8iDnhHXwBTIWcRO7WF9SUWIvveWdOQbYO1T5HDzJUZzDrJT0=s900-c-k-c0x00ffffff-no-rj,,1360000,898,71724331,2006-01-1,Brasil,2024-09-04,true,true,false
UC4mYKePIas5YgGfYZ2J2OxQ,SabrinaCarpenterVEVO,https://yt3.googleusercontent.com/RskMth_eJ47pOnTdRAg3wD1iD5i6h8KziII1gIHPNBEbIGBQTBq6yBhM3iHVFx_pTLbzDXYj=s900-c-k-c0x00ffffff-no-rj,"https://yt3.googleusercontent.com/dU_he4r_ZfBUQIfys_Kp6n5hQTIZKxTbLJ62cM238qgHvec3nAm8293xT1w6yCmixppDcCn05w=w1060-fcrop64=1,00005a57ffffa5a8-k-c0xffffffff-no-nd-rj",20000000,121,1663602291,2014-03-26,,2024-09-04,true,true,true
UCMcc9elPZGpg6eU4i3YaCpA,Nosso Futebol,https://yt3.googleusercontent.com/XeXc-q-k3tcNRit7Z7IV-5PsbE0eIAQPeRD95Id0nTMzjA_7ve9WwSvLgEmw9yKWdRMrxaXndg=s900-c-k-c0x00ffffff-no-rj,"https://yt3.googleusercontent.com/rvNZy7gEkw7OvT6sFpnYpYsSc_XZ53QBsyE1jBgQTGO1RizYwEWLVnQ4r95uFwzQwRCf7cd1=w1060-fcrop64=1,00005a57ffffa5a8-k-c0xffffffff-no-nd-rj",291000,1316,36983607,2022-11-2,,2024-09-04,true,false,false
UC4aiJNDUviw_vMhdCq5Kq1Q,Cortes do Casimito [OFICIAL],https://yt3.googleusercontent.com/ytc/AIdro_nCsNkmWbWdqNCyd11JvZofrUTOcCKDLMgOdAu_tgGKLw=s900-c-k-c0x00ffffff-no-rj,"https://yt3.googleusercontent.com/npSEk2a7iVZoSCb8oLMxiE0FND9o4nx9WgPODVJTZKcpR3tv9QTROJLPa6fUUAE4a46MYEuDxlY=w1060-fcrop64=1,00005a57ffffa5a8-k-c0xffffffff-no-nd-rj",3930000,5574,2051785763,2021-03-11,,2024-09-04,true,true,false
UCIXguhHCl8eDTkXpEuiGPUA,Jazzghost,https://yt3.googleusercontent.com/_QWLAwBwKXViiV5aOQBIpipDrh7iMhrpv7EMbqIL4kfVealfeXJ7CY49Uma1VeqVnkYUucW4r8Q=s900-c-k-c0x00ffffff-no-rj,"https://yt3.googleusercontent.com/6qDWqpNOeLlKGjSaIB88XnJ9kEzyOYUOJVLLJDw9RXP-H0mAmpqemJzye2QscLwowJmi6qJZvQ=w1060-fcrop64=1,00005a57ffffa5a8-k-c0xffffffff-no-nd-rj",17300000,5870,7553131109,2012-08-30,,2024-09-04,true,true,true
UCD1Em4q90ZUK2R5HKesszJg,Clash of Clans,https://yt3.googleusercontent.com/sKnSDOlMiUodnrAS1mBy61M7WqvgplLAzlmAox29S_fw9r6f04VAH-GF7jO8x_PDAx0WkDKD=s900-c-k-c0x00ffffff-no-rj,"https://yt3.googleusercontent.com/zbcN5bfMTfULDmNtiXLTO0Rii4fspUdcZenYGZiCWI310Xm8b9AUql4rI-QzfDGZdwt03v0SkzQ=w1060-fcrop64=1,00005a57ffffa5a8-k-c0xffffffff-no-nd-rj",20800000,921,4648906951,2013-01-31,,2024-09-04,true,true,true
UCPIQI08BxL0i9nES_uKajAA,Creative Squad,https://yt3.googleusercontent.com/cI6BPIfe4VYTAMuJJ4iiv5YABkC_T_xK2bqny4HDktqn4XIgNO8aPrNl3b-MhkVkkRQGFKBjpZw=s900-c-k-c0x00ffffff-no-rj,,422000,57,49943238,2023-02-4,Brasil,2024-09-04,true,false,false
UCTbp-9j8d7KanfWwCfY0bqg,VicDeAngelisVEVO,https://yt3.googleusercontent.com/PwMu6cLq9slusQz_02fe_mcAr3z4JgUJVyJHMV3OUQdMm_Ctbcry2GGtSoz85K2EKZ8O5e-x=s900-c-k-c0x00ffffff-no-rj,"https://yt3.googleusercontent.com/mQKnzjTlXRKkOFCffbYTsGbMFTyHRNxh-YurDzm3x46qFTlHSHBjfSXV4prubHeJUaJS9DkhCVA=w1060-fcrop64=1,00005a57ffffa5a8-k-c0xffffffff-no-nd-rj",20400,,1177431,2024-08-5,,2024-09-04,false,false,false
UCB_qr75-ydFVKSF9Dmo6izg,FORMULA 1,https://yt3.googleusercontent.com/tyLW5LsJGwr4ViM30OeYbuLcu_MXfpRzP8y-X9_aKfTNJeMFHmnNbPyxxhaFDA9NRgwEu9mT-g=s900-c-k-c0x00ffffff-no-rj,"https://yt3.googleusercontent.com/-5sf74LiXDVaHubYItOGxjPYmHQoEWB2luU1ktBYDHyi8qM_lJLOqnzbtYpVXRr20_btnmyT0NY=w1060-fcrop64=1,00005a57ffffa5a8-k-c0xffffffff-no-nd-rj",11000000,7766,7120131449,2005-12-28,,2024-09-04,true,true,true
UC-5npwFvOH9Mp_a15T0VT9g,Programa Silvio Santos,https://yt3.googleusercontent.com/-LXi6aXLILabwk5j9-3cmsSlm-h13tV3FiQ9KY7V6Qj5MG0b4u1BM6QPUWK6VwjZzHoQIKzcBQ=s900-c-k-c0x00ffffff-no-rj,"https://yt3.googleusercontent.com/GjUAynPJ9QJZfk8SyAFyGRj7i8YhA01-oTXmlDW9heaFrBdFiBBXj6L1SIzLfx3ZG6WLPVtgxXY=w1060-fcrop64=1,00005a57ffffa5a8-k-c0xffffffff-no-nd-rj",2920000,2180,669723438,2014-04-7,,2024-09-04,true,true,false
UCTpxFPoPp7U6zJ2J2vhAPNg,CELO,https://yt3.googleusercontent.com/AZZUQwt95Oitof0pqtA2erhp-DAMXb7DHll5bSWwVqhU9536KBUQ9tDua56hDvziURDXCsFCTFU=s900-c-k-c0x00ffffff-no-rj,"https://yt3.googleusercontent.com/hPuXjdUDnaD0OOULc2BAobkCXGcxF0IZCGLHbp3fKh_6VdqLTS8wGxNtvaGxDbWwVRk7tXuU=w1060-fcrop64=1,00005a57ffffa5a8-k-c0xffffffff-no-nd-rj",346000,287,88174624,2023-01-22,,2024-09-04,true,false,false
